District ID,District Name,School Year,Pre Kindergarten
288,Achievement First Hartford Academy Inc.,2011-12,-
279,Amistad Academy District,2011-12,-
1,Andover School District,2011-12,28
2,Ansonia School District,2011-12,102
244,Area Cooperative Educational Services,2011-12,-
3,Ashford School District,2011-12,48
4,Avon School District,2011-12,41
5,Barkhamsted School District,2011-12,19
7,Berlin School District,2011-12,37
8,Bethany School District,2011-12,11
9,Bethel School District,2011-12,110
11,Bloomfield School District,2011-12,216
12,Bolton School District,2011-12,12
13,Bozrah School District,2011-12,21
14,Branford School District,2011-12,71
285,Bridgeport Achievement First,2011-12,-
15,Bridgeport School District,2011-12,786
17,Bristol School District,2011-12,269
18,Brookfield School District,2011-12,43
19,Brooklyn School District,2011-12,111
21,Canaan School District,2011-12,-
22,Canterbury School District,2011-12,30
23,Canton School District,2011-12,27
241,Capitol Region Education Council,2011-12,607
24,Chaplin School District,2011-12,28
25,Cheshire School District,2011-12,67
26,Chester School District,2011-12,-
27,Clinton School District,2011-12,40
28,Colchester School District,2011-12,72
29,Colebrook School District,2011-12,-
30,Columbia School District,2011-12,20
268,Common Ground High School District,2011-12,-
900,Connecticut Technical High School System,2011-12,-
243,Cooperative Educational Services,2011-12,131
31,Cornwall School District,2011-12,-
32,Coventry School District,2011-12,18
33,Cromwell School District,2011-12,27
34,Danbury School District,2011-12,155
35,Darien School District,2011-12,73
36,Deep River School District,2011-12,-
37,Derby School District,2011-12,36
40,East Granby School District,2011-12,9
41,East Haddam School District,2011-12,25
42,East Hampton School District,2011-12,28
43,East Hartford School District,2011-12,297
44,East Haven School District,2011-12,115
45,East Lyme School District,2011-12,51
47,East Windsor School District,2011-12,57
253,Eastern Connecticut Regional Educational Service C,2011-12,-
39,Eastford School District,2011-12,15
46,Easton School District,2011-12,25
242,Education Connection,2011-12,184
48,Ellington School District,2011-12,63
289,Elm City College Preparatory School,2011-12,-
49,Enfield School District,2011-12,172
50,Essex School District,2011-12,39
272,Explorations District,2011-12,-
51,Fairfield School District,2011-12,133
52,Farmington School District,2011-12,62
53,Franklin School District,2011-12,22
54,Glastonbury School District,2011-12,63
56,Granby School District,2011-12,-
57,Greenwich School District,2011-12,136
58,Griswold School District,2011-12,85
59,Groton School District,2011-12,236
60,Guilford School District,2011-12,50
62,Hamden School District,2011-12,99
63,Hampton School District,2011-12,23
64,Hartford School District,2011-12,932
65,Hartland School District,2011-12,16
67,Hebron School District,2011-12,47
286,Highville Charter School District,2011-12,43
264,Integrated Day Charter School District,2011-12,33
265,Interdistrict School for Arts and Comm District,2011-12,-
261,Jumoke Academy District,2011-12,42
68,Kent School District,2011-12,5
69,Killingly School District,2011-12,100
245,Learn,2011-12,354
71,Lebanon School District,2011-12,64
72,Ledyard School District,2011-12,49
73,Lisbon School District,2011-12,40
74,Litchfield School District,2011-12,19
76,Madison School District,2011-12,-
77,Manchester School District,2011-12,250
78,Mansfield School District,2011-12,87
79,Marlborough School District,2011-12,17
80,Meriden School District,2011-12,272
83,Middletown School District,2011-12,99
84,Milford School District,2011-12,143
85,Monroe School District,2011-12,39
86,Montville School District,2011-12,41
88,Naugatuck School District,2011-12,120
280,"New Beginnings Inc., Family Academy District",2011-12,-
89,New Britain School District,2011-12,409
90,New Canaan School District,2011-12,24
91,New Fairfield School District,2011-12,73
92,New Hartford School District,2011-12,6
93,New Haven School District,2011-12,1832
95,New London School District,2011-12,35
96,New Milford School District,2011-12,74
94,Newington School District,2011-12,65
97,Newtown School District,2011-12,66
98,Norfolk School District,2011-12,11
99,North Branford School District,2011-12,22
100,North Canaan School District,2011-12,20
101,North Haven School District,2011-12,40
102,North Stonington School District,2011-12,43
103,Norwalk School District,2011-12,229
901,Norwich Free Academy,2011-12,-
104,Norwich School District,2011-12,240
263,Odyssey Community School District,2011-12,-
106,Old Saybrook School District,2011-12,56
107,Orange School District,2011-12,20
108,Oxford School District,2011-12,25
283,Park City Prep Charter School,2011-12,-
109,Plainfield School District,2011-12,58
110,Plainville School District,2011-12,39
111,Plymouth School District,2011-12,62
112,Pomfret School District,2011-12,20
113,Portland School District,2011-12,15
114,Preston School District,2011-12,17
116,Putnam School District,2011-12,99
117,Redding School District,2011-12,69
201,Regional School District 01,2011-12,-
204,Regional School District 04,2011-12,-
205,Regional School District 05,2011-12,-
206,Regional School District 06,2011-12,16
207,Regional School District 07,2011-12,-
208,Regional School District 08,2011-12,-
209,Regional School District 09,2011-12,-
210,Regional School District 10,2011-12,44
211,Regional School District 11,2011-12,-
212,Regional School District 12,2011-12,17
213,Regional School District 13,2011-12,21
214,Regional School District 14,2011-12,45
215,Regional School District 15,2011-12,45
216,Regional School District 16,2011-12,72
217,Regional School District 17,2011-12,40
218,Regional School District 18,2011-12,50
219,Regional School District 19,2011-12,-
118,Ridgefield School District,2011-12,41
119,Rocky Hill School District,2011-12,40
121,Salem School District,2011-12,9
122,Salisbury School District,2011-12,21
123,Scotland School District,2011-12,13
124,Seymour School District,2011-12,22
125,Sharon School District,2011-12,8
126,Shelton School District,2011-12,43
127,Sherman School District,2011-12,23
270,Side By Side Charter School District,2011-12,38
128,Simsbury School District,2011-12,16
129,Somers School District,2011-12,21
132,South Windsor School District,2011-12,72
131,Southington School District,2011-12,89
133,Sprague School District,2011-12,41
134,Stafford School District,2011-12,137
282,Stamford Academy,2011-12,-
135,Stamford School District,2011-12,63
136,Sterling School District,2011-12,40
137,Stonington School District,2011-12,36
138,Stratford School District,2011-12,144
139,Suffield School District,2011-12,34
269,The Bridge Academy District,2011-12,-
902,The Gilbert School,2011-12,-
140,Thomaston School District,2011-12,25
141,Thompson School District,2011-12,31
142,Tolland School District,2011-12,40
143,Torrington School District,2011-12,16
278,Trailblazers Academy District,2011-12,-
144,Trumbull School District,2011-12,237
145,Union School District,2011-12,-
146,Vernon School District,2011-12,143
147,Voluntown School District,2011-12,33
148,Wallingford School District,2011-12,136
151,Waterbury School District,2011-12,617
152,Waterford School District,2011-12,-
153,Watertown School District,2011-12,90
155,West Hartford School District,2011-12,158
156,West Haven School District,2011-12,100
154,Westbrook School District,2011-12,30
157,Weston School District,2011-12,30
158,Westport School District,2011-12,39
159,Wethersfield School District,2011-12,66
160,Willington School District,2011-12,20
161,Wilton School District,2011-12,50
162,Winchester School District,2011-12,22
163,Windham School District,2011-12,229
165,Windsor Locks School District,2011-12,40
164,Windsor School District,2011-12,46
166,Wolcott School District,2011-12,53
167,Woodbridge School District,2011-12,23
903,Woodstock Academy,2011-12,-
169,Woodstock School District,2011-12,27
288,Achievement First Hartford Academy Inc.,2010-11,-
279,Amistad Academy District,2010-11,-
1,Andover School District,2010-11,33
2,Ansonia School District,2010-11,94
244,Area Cooperative Educational Services,2010-11,-
3,Ashford School District,2010-11,47
4,Avon School District,2010-11,36
5,Barkhamsted School District,2010-11,30
7,Berlin School District,2010-11,46
8,Bethany School District,2010-11,13
9,Bethel School District,2010-11,88
11,Bloomfield School District,2010-11,209
12,Bolton School District,2010-11,12
13,Bozrah School District,2010-11,17
14,Branford School District,2010-11,70
285,Bridgeport Achievement First,2010-11,-
15,Bridgeport School District,2010-11,790
17,Bristol School District,2010-11,300
18,Brookfield School District,2010-11,41
19,Brooklyn School District,2010-11,100
21,Canaan School District,2010-11,-
22,Canterbury School District,2010-11,36
23,Canton School District,2010-11,29
241,Capitol Region Education Council,2010-11,434
24,Chaplin School District,2010-11,33
287,Charter School for Young Children on Asylum Hill,2010-11,92
25,Cheshire School District,2010-11,79
26,Chester School District,2010-11,-
27,Clinton School District,2010-11,34
28,Colchester School District,2010-11,53
29,Colebrook School District,2010-11,-
30,Columbia School District,2010-11,28
268,Common Ground High School District,2010-11,-
900,Connecticut Technical High School System,2010-11,-
243,Cooperative Educational Services,2010-11,133
31,Cornwall School District,2010-11,-
32,Coventry School District,2010-11,8
33,Cromwell School District,2010-11,29
34,Danbury School District,2010-11,137
35,Darien School District,2010-11,68
36,Deep River School District,2010-11,-
37,Derby School District,2010-11,29
40,East Granby School District,2010-11,10
41,East Haddam School District,2010-11,20
42,East Hampton School District,2010-11,31
43,East Hartford School District,2010-11,303
44,East Haven School District,2010-11,131
45,East Lyme School District,2010-11,44
47,East Windsor School District,2010-11,65
253,Eastern Connecticut Regional Educational Service Center,2010-11,-
39,Eastford School District,2010-11,13
46,Easton School District,2010-11,27
242,Education Connection,2010-11,183
48,Ellington School District,2010-11,48
289,Elm City College Preparatory School,2010-11,-
49,Enfield School District,2010-11,173
50,Essex School District,2010-11,43
272,Explorations District,2010-11,-
51,Fairfield School District,2010-11,129
52,Farmington School District,2010-11,71
53,Franklin School District,2010-11,30
54,Glastonbury School District,2010-11,61
56,Granby School District,2010-11,1
57,Greenwich School District,2010-11,138
58,Griswold School District,2010-11,83
59,Groton School District,2010-11,278
60,Guilford School District,2010-11,52
62,Hamden School District,2010-11,100
63,Hampton School District,2010-11,23
64,Hartford School District,2010-11,806
65,Hartland School District,2010-11,14
67,Hebron School District,2010-11,70
286,Highville Charter School District,2010-11,41
264,Integrated Day Charter School District,2010-11,33
265,Interdistrict School for Arts and Comm District,2010-11,-
261,Jumoke Academy District,2010-11,44
68,Kent School District,2010-11,6
69,Killingly School District,2010-11,107
245,Learn,2010-11,324
71,Lebanon School District,2010-11,60
72,Ledyard School District,2010-11,48
73,Lisbon School District,2010-11,39
74,Litchfield School District,2010-11,19
76,Madison School District,2010-11,-
77,Manchester School District,2010-11,260
78,Mansfield School District,2010-11,90
79,Marlborough School District,2010-11,22
80,Meriden School District,2010-11,304
83,Middletown School District,2010-11,103
84,Milford School District,2010-11,157
85,Monroe School District,2010-11,50
86,Montville School District,2010-11,54
88,Naugatuck School District,2010-11,129
280,"New Beginnings Inc., Family Academy District",2010-11,-
89,New Britain School District,2010-11,386
90,New Canaan School District,2010-11,32
91,New Fairfield School District,2010-11,79
92,New Hartford School District,2010-11,16
93,New Haven School District,2010-11,1694
95,New London School District,2010-11,31
96,New Milford School District,2010-11,83
94,Newington School District,2010-11,71
97,Newtown School District,2010-11,66
98,Norfolk School District,2010-11,18
99,North Branford School District,2010-11,19
100,North Canaan School District,2010-11,21
101,North Haven School District,2010-11,32
102,North Stonington School District,2010-11,21
103,Norwalk School District,2010-11,203
901,Norwich Free Academy,2010-11,-
104,Norwich School District,2010-11,227
263,Odyssey Community School District,2010-11,-
106,Old Saybrook School District,2010-11,45
107,Orange School District,2010-11,24
108,Oxford School District,2010-11,27
283,Park City Prep Charter School,2010-11,-
109,Plainfield School District,2010-11,70
110,Plainville School District,2010-11,38
111,Plymouth School District,2010-11,62
112,Pomfret School District,2010-11,26
113,Portland School District,2010-11,13
114,Preston School District,2010-11,22
116,Putnam School District,2010-11,101
117,Redding School District,2010-11,66
201,Regional School District 01,2010-11,-
204,Regional School District 04,2010-11,-
205,Regional School District 05,2010-11,-
206,Regional School District 06,2010-11,2
207,Regional School District 07,2010-11,-
208,Regional School District 08,2010-11,-
209,Regional School District 09,2010-11,-
210,Regional School District 10,2010-11,54
211,Regional School District 11,2010-11,-
212,Regional School District 12,2010-11,18
213,Regional School District 13,2010-11,21
214,Regional School District 14,2010-11,43
215,Regional School District 15,2010-11,45
216,Regional School District 16,2010-11,61
217,Regional School District 17,2010-11,42
218,Regional School District 18,2010-11,48
219,Regional School District 19,2010-11,-
118,Ridgefield School District,2010-11,45
119,Rocky Hill School District,2010-11,44
121,Salem School District,2010-11,6
122,Salisbury School District,2010-11,20
123,Scotland School District,2010-11,22
124,Seymour School District,2010-11,31
125,Sharon School District,2010-11,9
126,Shelton School District,2010-11,47
127,Sherman School District,2010-11,21
270,Side By Side Community School District,2010-11,38
128,Simsbury School District,2010-11,22
129,Somers School District,2010-11,14
132,South Windsor School District,2010-11,77
131,Southington School District,2010-11,91
133,Sprague School District,2010-11,37
134,Stafford School District,2010-11,137
282,Stamford Academy,2010-11,-
135,Stamford School District,2010-11,57
136,Sterling School District,2010-11,24
137,Stonington School District,2010-11,61
138,Stratford School District,2010-11,157
139,Suffield School District,2010-11,35
269,The Bridge Academy District,2010-11,-
902,The Gilbert School,2010-11,-
140,Thomaston School District,2010-11,35
141,Thompson School District,2010-11,35
142,Tolland School District,2010-11,34
143,Torrington School District,2010-11,19
278,Trailblazers Academy District,2010-11,-
144,Trumbull School District,2010-11,231
145,Union School District,2010-11,-
146,Vernon School District,2010-11,129
147,Voluntown School District,2010-11,38
148,Wallingford School District,2010-11,134
151,Waterbury School District,2010-11,633
152,Waterford School District,2010-11,-
153,Watertown School District,2010-11,81
155,West Hartford School District,2010-11,163
156,West Haven School District,2010-11,94
154,Westbrook School District,2010-11,25
157,Weston School District,2010-11,40
158,Westport School District,2010-11,52
159,Wethersfield School District,2010-11,68
160,Willington School District,2010-11,24
161,Wilton School District,2010-11,57
162,Winchester School District,2010-11,29
163,Windham School District,2010-11,241
165,Windsor Locks School District,2010-11,59
164,Windsor School District,2010-11,37
166,Wolcott School District,2010-11,53
167,Woodbridge School District,2010-11,20
903,Woodstock Academy,2010-11,-
169,Woodstock School District,2010-11,26
288,Achievement First Hartford Academy Inc.,2009-10,-
279,Amistad Academy District,2009-10,-
1,Andover School District,2009-10,30
2,Ansonia School District,2009-10,96
244,Area Cooperative Educational Services,2009-10,-
3,Ashford School District,2009-10,47
4,Avon School District,2009-10,28
5,Barkhamsted School District,2009-10,22
7,Berlin School District,2009-10,66
8,Bethany School District,2009-10,18
9,Bethel School District,2009-10,77
11,Bloomfield School District,2009-10,221
12,Bolton School District,2009-10,14
13,Bozrah School District,2009-10,21
14,Branford School District,2009-10,85
285,Bridgeport Achievement First,2009-10,-
15,Bridgeport School District,2009-10,688
17,Bristol School District,2009-10,325
18,Brookfield School District,2009-10,34
19,Brooklyn School District,2009-10,120
21,Canaan School District,2009-10,-
22,Canterbury School District,2009-10,42
23,Canton School District,2009-10,33
241,Capitol Region Education Council,2009-10,337
24,Chaplin School District,2009-10,26
287,Charter School for Young Children on Asylum Hill,2009-10,96
25,Cheshire School District,2009-10,82
26,Chester School District,2009-10,-
27,Clinton School District,2009-10,48
28,Colchester School District,2009-10,70
29,Colebrook School District,2009-10,-
30,Columbia School District,2009-10,27
268,Common Ground High School District,2009-10,-
900,Connecticut Technical High School System,2009-10,-
243,Cooperative Educational Services,2009-10,134
31,Cornwall School District,2009-10,1
32,Coventry School District,2009-10,11
33,Cromwell School District,2009-10,29
34,Danbury School District,2009-10,216
35,Darien School District,2009-10,76
36,Deep River School District,2009-10,-
37,Derby School District,2009-10,21
40,East Granby School District,2009-10,11
41,East Haddam School District,2009-10,26
42,East Hampton School District,2009-10,44
43,East Hartford School District,2009-10,303
44,East Haven School District,2009-10,96
45,East Lyme School District,2009-10,47
47,East Windsor School District,2009-10,66
253,Eastern Connecticut Regional Educational Service Center,2009-10,-
39,Eastford School District,2009-10,16
46,Easton School District,2009-10,31
242,Education Connection,2009-10,173
48,Ellington School District,2009-10,43
289,Elm City College Preparatory School,2009-10,-
49,Enfield School District,2009-10,192
50,Essex School District,2009-10,33
272,Explorations District,2009-10,-
51,Fairfield School District,2009-10,175
52,Farmington School District,2009-10,67
53,Franklin School District,2009-10,30
54,Glastonbury School District,2009-10,67
56,Granby School District,2009-10,3
57,Greenwich School District,2009-10,146
58,Griswold School District,2009-10,81
59,Groton School District,2009-10,258
60,Guilford School District,2009-10,51
62,Hamden School District,2009-10,124
63,Hampton School District,2009-10,20
64,Hartford School District,2009-10,864
65,Hartland School District,2009-10,20
67,Hebron School District,2009-10,78
286,Highville Charter School District,2009-10,42
264,Integrated Day Charter School District,2009-10,33
265,Interdistrict School for Arts and Comm District,2009-10,-
261,Jumoke Academy District,2009-10,44
68,Kent School District,2009-10,8
69,Killingly School District,2009-10,98
245,Learn,2009-10,343
71,Lebanon School District,2009-10,52
72,Ledyard School District,2009-10,54
73,Lisbon School District,2009-10,46
74,Litchfield School District,2009-10,19
76,Madison School District,2009-10,-
77,Manchester School District,2009-10,241
78,Mansfield School District,2009-10,90
79,Marlborough School District,2009-10,23
80,Meriden School District,2009-10,327
83,Middletown School District,2009-10,99
84,Milford School District,2009-10,162
85,Monroe School District,2009-10,56
86,Montville School District,2009-10,65
88,Naugatuck School District,2009-10,134
280,"New Beginnings Inc., Family Academy District",2009-10,-
89,New Britain School District,2009-10,393
90,New Canaan School District,2009-10,49
91,New Fairfield School District,2009-10,76
92,New Hartford School District,2009-10,19
93,New Haven School District,2009-10,1673
95,New London School District,2009-10,27
96,New Milford School District,2009-10,92
94,Newington School District,2009-10,76
97,Newtown School District,2009-10,87
98,Norfolk School District,2009-10,16
99,North Branford School District,2009-10,19
100,North Canaan School District,2009-10,17
101,North Haven School District,2009-10,42
102,North Stonington School District,2009-10,20
103,Norwalk School District,2009-10,189
901,Norwich Free Academy,2009-10,-
104,Norwich School District,2009-10,237
263,Odyssey Community School District,2009-10,-
106,Old Saybrook School District,2009-10,36
107,Orange School District,2009-10,24
108,Oxford School District,2009-10,28
283,Park City Prep Charter School,2009-10,-
109,Plainfield School District,2009-10,91
110,Plainville School District,2009-10,55
111,Plymouth School District,2009-10,77
112,Pomfret School District,2009-10,39
113,Portland School District,2009-10,19
114,Preston School District,2009-10,15
116,Putnam School District,2009-10,86
117,Redding School District,2009-10,62
201,Regional School District 01,2009-10,-
204,Regional School District 04,2009-10,-
205,Regional School District 05,2009-10,-
206,Regional School District 06,2009-10,14
207,Regional School District 07,2009-10,-
208,Regional School District 08,2009-10,-
209,Regional School District 09,2009-10,-
210,Regional School District 10,2009-10,59
211,Regional School District 11,2009-10,-
212,Regional School District 12,2009-10,29
213,Regional School District 13,2009-10,25
214,Regional School District 14,2009-10,33
215,Regional School District 15,2009-10,55
216,Regional School District 16,2009-10,68
217,Regional School District 17,2009-10,56
218,Regional School District 18,2009-10,46
219,Regional School District 19,2009-10,-
118,Ridgefield School District,2009-10,44
119,Rocky Hill School District,2009-10,48
121,Salem School District,2009-10,11
122,Salisbury School District,2009-10,21
123,Scotland School District,2009-10,21
124,Seymour School District,2009-10,34
125,Sharon School District,2009-10,8
126,Shelton School District,2009-10,61
127,Sherman School District,2009-10,22
270,Side By Side Community School District,2009-10,38
128,Simsbury School District,2009-10,22
129,Somers School District,2009-10,16
132,South Windsor School District,2009-10,71
131,Southington School District,2009-10,93
133,Sprague School District,2009-10,36
134,Stafford School District,2009-10,136
282,Stamford Academy,2009-10,-
135,Stamford School District,2009-10,70
136,Sterling School District,2009-10,40
137,Stonington School District,2009-10,57
138,Stratford School District,2009-10,128
139,Suffield School District,2009-10,46
269,The Bridge Academy District,2009-10,-
902,The Gilbert School,2009-10,-
140,Thomaston School District,2009-10,31
141,Thompson School District,2009-10,38
142,Tolland School District,2009-10,47
143,Torrington School District,2009-10,25
278,Trailblazers Academy District,2009-10,-
144,Trumbull School District,2009-10,235
145,Union School District,2009-10,-
146,Vernon School District,2009-10,123
147,Voluntown School District,2009-10,37
148,Wallingford School District,2009-10,141
151,Waterbury School District,2009-10,678
152,Waterford School District,2009-10,-
153,Watertown School District,2009-10,67
155,West Hartford School District,2009-10,174
156,West Haven School District,2009-10,115
154,Westbrook School District,2009-10,26
157,Weston School District,2009-10,39
158,Westport School District,2009-10,56
159,Wethersfield School District,2009-10,72
160,Willington School District,2009-10,20
161,Wilton School District,2009-10,46
162,Winchester School District,2009-10,20
163,Windham School District,2009-10,234
165,Windsor Locks School District,2009-10,62
164,Windsor School District,2009-10,50
166,Wolcott School District,2009-10,71
167,Woodbridge School District,2009-10,19
903,Woodstock Academy,2009-10,-
169,Woodstock School District,2009-10,28
288,Achievement First Hartford Academy Inc.,2008-09,-
279,Amistad Academy District,2008-09,-
1,Andover School District,2008-09,32
2,Ansonia School District,2008-09,99
244,Area Cooperative Educational Services,2008-09,-
3,Ashford School District,2008-09,34
4,Avon School District,2008-09,31
5,Barkhamsted School District,2008-09,21
7,Berlin School District,2008-09,52
8,Bethany School District,2008-09,15
9,Bethel School District,2008-09,56
11,Bloomfield School District,2008-09,27
12,Bolton School District,2008-09,-
13,Bozrah School District,2008-09,23
14,Branford School District,2008-09,77
285,Bridgeport Achievement First,2008-09,-
15,Bridgeport School District,2008-09,679
17,Bristol School District,2008-09,339
18,Brookfield School District,2008-09,41
19,Brooklyn School District,2008-09,102
21,Canaan School District,2008-09,-
22,Canterbury School District,2008-09,44
23,Canton School District,2008-09,26
241,Capitol Region Education Council,2008-09,369
24,Chaplin School District,2008-09,21
287,Charter School for Young Children on Asylum Hill,2008-09,105
25,Cheshire School District,2008-09,85
26,Chester School District,2008-09,-
27,Clinton School District,2008-09,56
28,Colchester School District,2008-09,76
29,Colebrook School District,2008-09,-
30,Columbia School District,2008-09,17
268,Common Ground High School District,2008-09,-
900,Connecticut Technical High School System,2008-09,-
243,Cooperative Educational Services,2008-09,131
31,Cornwall School District,2008-09,-
32,Coventry School District,2008-09,14
33,Cromwell School District,2008-09,31
34,Danbury School District,2008-09,196
35,Darien School District,2008-09,59
36,Deep River School District,2008-09,-
37,Derby School District,2008-09,19
40,East Granby School District,2008-09,11
41,East Haddam School District,2008-09,16
42,East Hampton School District,2008-09,40
43,East Hartford School District,2008-09,295
44,East Haven School District,2008-09,109
45,East Lyme School District,2008-09,50
47,East Windsor School District,2008-09,55
253,Eastern Connecticut Regional Educational Service Center,2008-09,-
39,Eastford School District,2008-09,20
46,Easton School District,2008-09,34
242,Education Connection,2008-09,168
48,Ellington School District,2008-09,46
289,Elm City College Preparatory School,2008-09,-
49,Enfield School District,2008-09,187
50,Essex School District,2008-09,37
272,Explorations District,2008-09,-
51,Fairfield School District,2008-09,166
52,Farmington School District,2008-09,72
53,Franklin School District,2008-09,23
54,Glastonbury School District,2008-09,71
56,Granby School District,2008-09,8
57,Greenwich School District,2008-09,150
58,Griswold School District,2008-09,82
59,Groton School District,2008-09,218
60,Guilford School District,2008-09,50
62,Hamden School District,2008-09,115
63,Hampton School District,2008-09,25
64,Hartford School District,2008-09,762
65,Hartland School District,2008-09,22
67,Hebron School District,2008-09,38
286,Highville Charter School District,2008-09,61
264,Integrated Day Charter School District,2008-09,33
265,Interdistrict School for Arts and Comm District,2008-09,-
261,Jumoke Academy District,2008-09,42
68,Kent School District,2008-09,11
69,Killingly School District,2008-09,83
245,Learn,2008-09,311
71,Lebanon School District,2008-09,58
72,Ledyard School District,2008-09,49
73,Lisbon School District,2008-09,46
74,Litchfield School District,2008-09,19
76,Madison School District,2008-09,-
77,Manchester School District,2008-09,205
78,Mansfield School District,2008-09,63
79,Marlborough School District,2008-09,24
80,Meriden School District,2008-09,288
83,Middletown School District,2008-09,94
84,Milford School District,2008-09,170
85,Monroe School District,2008-09,52
86,Montville School District,2008-09,67
88,Naugatuck School District,2008-09,138
280,"New Beginnings Inc., Family Academy District",2008-09,-
89,New Britain School District,2008-09,371
90,New Canaan School District,2008-09,52
91,New Fairfield School District,2008-09,80
92,New Hartford School District,2008-09,19
93,New Haven School District,2008-09,1298
95,New London School District,2008-09,34
96,New Milford School District,2008-09,99
94,Newington School District,2008-09,80
97,Newtown School District,2008-09,54
98,Norfolk School District,2008-09,10
99,North Branford School District,2008-09,14
100,North Canaan School District,2008-09,19
101,North Haven School District,2008-09,54
102,North Stonington School District,2008-09,18
103,Norwalk School District,2008-09,159
901,Norwich Free Academy,2008-09,-
104,Norwich School District,2008-09,253
263,Odyssey Community School District,2008-09,-
106,Old Saybrook School District,2008-09,38
107,Orange School District,2008-09,22
108,Oxford School District,2008-09,28
283,Park City Prep Charter School,2008-09,-
109,Plainfield School District,2008-09,102
110,Plainville School District,2008-09,39
111,Plymouth School District,2008-09,63
112,Pomfret School District,2008-09,43
113,Portland School District,2008-09,19
114,Preston School District,2008-09,26
116,Putnam School District,2008-09,86
117,Redding School District,2008-09,66
201,Regional School District 01,2008-09,-
204,Regional School District 04,2008-09,-
205,Regional School District 05,2008-09,-
206,Regional School District 06,2008-09,11
207,Regional School District 07,2008-09,-
208,Regional School District 08,2008-09,-
209,Regional School District 09,2008-09,-
210,Regional School District 10,2008-09,65
211,Regional School District 11,2008-09,-
212,Regional School District 12,2008-09,20
213,Regional School District 13,2008-09,38
214,Regional School District 14,2008-09,16
215,Regional School District 15,2008-09,58
216,Regional School District 16,2008-09,65
217,Regional School District 17,2008-09,55
218,Regional School District 18,2008-09,41
219,Regional School District 19,2008-09,-
118,Ridgefield School District,2008-09,62
119,Rocky Hill School District,2008-09,46
121,Salem School District,2008-09,12
122,Salisbury School District,2008-09,17
123,Scotland School District,2008-09,20
124,Seymour School District,2008-09,43
125,Sharon School District,2008-09,11
126,Shelton School District,2008-09,54
127,Sherman School District,2008-09,18
270,Side By Side Community School District,2008-09,34
128,Simsbury School District,2008-09,25
129,Somers School District,2008-09,18
132,South Windsor School District,2008-09,69
131,Southington School District,2008-09,93
133,Sprague School District,2008-09,31
134,Stafford School District,2008-09,135
282,Stamford Academy,2008-09,-
135,Stamford School District,2008-09,88
136,Sterling School District,2008-09,28
137,Stonington School District,2008-09,59
138,Stratford School District,2008-09,92
139,Suffield School District,2008-09,65
269,The Bridge Academy District,2008-09,-
902,The Gilbert School,2008-09,-
140,Thomaston School District,2008-09,26
141,Thompson School District,2008-09,45
142,Tolland School District,2008-09,44
143,Torrington School District,2008-09,19
278,Trailblazers Academy District,2008-09,-
144,Trumbull School District,2008-09,233
145,Union School District,2008-09,-
146,Vernon School District,2008-09,33
147,Voluntown School District,2008-09,35
148,Wallingford School District,2008-09,145
151,Waterbury School District,2008-09,670
152,Waterford School District,2008-09,-
153,Watertown School District,2008-09,93
155,West Hartford School District,2008-09,184
156,West Haven School District,2008-09,83
154,Westbrook School District,2008-09,23
157,Weston School District,2008-09,36
158,Westport School District,2008-09,56
159,Wethersfield School District,2008-09,57
160,Willington School District,2008-09,22
161,Wilton School District,2008-09,44
162,Winchester School District,2008-09,21
163,Windham School District,2008-09,222
165,Windsor Locks School District,2008-09,62
164,Windsor School District,2008-09,50
166,Wolcott School District,2008-09,66
167,Woodbridge School District,2008-09,16
903,Woodstock Academy,2008-09,-
169,Woodstock School District,2008-09,27
279,Amistad Academy District,2007-08,-
1,Andover School District,2007-08,32
2,Ansonia School District,2007-08,80
244,Area Cooperative Educational Services,2007-08,-
3,Ashford School District,2007-08,41
4,Avon School District,2007-08,48
5,Barkhamsted School District,2007-08,31
7,Berlin School District,2007-08,48
8,Bethany School District,2007-08,16
9,Bethel School District,2007-08,61
11,Bloomfield School District,2007-08,25
12,Bolton School District,2007-08,5
13,Bozrah School District,2007-08,8
14,Branford School District,2007-08,59
285,Bridgeport Achievement First,2007-08,-
15,Bridgeport School District,2007-08,630
17,Bristol School District,2007-08,297
18,Brookfield School District,2007-08,40
19,Brooklyn School District,2007-08,97
21,Canaan School District,2007-08,-
22,Canterbury School District,2007-08,18
23,Canton School District,2007-08,27
241,Capitol Region Education Council,2007-08,134
24,Chaplin School District,2007-08,30
25,Cheshire School District,2007-08,96
26,Chester School District,2007-08,-
27,Clinton School District,2007-08,44
28,Colchester School District,2007-08,77
29,Colebrook School District,2007-08,-
30,Columbia School District,2007-08,20
268,Common Ground High School District,2007-08,-
900,Connecticut Technical High School System,2007-08,-
243,Cooperative Educational Services,2007-08,79
31,Cornwall School District,2007-08,-
32,Coventry School District,2007-08,11
33,Cromwell School District,2007-08,27
34,Danbury School District,2007-08,183
35,Darien School District,2007-08,52
36,Deep River School District,2007-08,37
37,Derby School District,2007-08,19
40,East Granby School District,2007-08,12
41,East Haddam School District,2007-08,18
42,East Hampton School District,2007-08,35
43,East Hartford School District,2007-08,343
44,East Haven School District,2007-08,98
45,East Lyme School District,2007-08,52
47,East Windsor School District,2007-08,58
253,Eastern Connecticut Regional Educational Service Center,2007-08,-
39,Eastford School District,2007-08,18
46,Easton School District,2007-08,42
242,Education Connection,2007-08,157
48,Ellington School District,2007-08,45
289,Elm City College Preparatory School,2007-08,-
49,Enfield School District,2007-08,159
50,Essex School District,2007-08,-
272,Explorations District,2007-08,-
51,Fairfield School District,2007-08,140
52,Farmington School District,2007-08,57
53,Franklin School District,2007-08,28
54,Glastonbury School District,2007-08,66
56,Granby School District,2007-08,6
57,Greenwich School District,2007-08,161
58,Griswold School District,2007-08,94
59,Groton School District,2007-08,228
60,Guilford School District,2007-08,54
62,Hamden School District,2007-08,107
63,Hampton School District,2007-08,23
64,Hartford School District,2007-08,815
65,Hartland School District,2007-08,19
67,Hebron School District,2007-08,33
286,Highville Charter School District,2007-08,83
264,Integrated Day Charter School District,2007-08,33
265,Interdistrict School for Arts and Comm District,2007-08,-
261,Jumoke Academy District,2007-08,22
68,Kent School District,2007-08,9
69,Killingly School District,2007-08,70
245,Learn,2007-08,323
71,Lebanon School District,2007-08,45
72,Ledyard School District,2007-08,50
73,Lisbon School District,2007-08,56
74,Litchfield School District,2007-08,17
76,Madison School District,2007-08,-
77,Manchester School District,2007-08,214
78,Mansfield School District,2007-08,67
79,Marlborough School District,2007-08,20
80,Meriden School District,2007-08,308
83,Middletown School District,2007-08,107
84,Milford School District,2007-08,178
85,Monroe School District,2007-08,52
86,Montville School District,2007-08,54
88,Naugatuck School District,2007-08,147
280,"New Beginnings Inc., Family Academy District",2007-08,-
89,New Britain School District,2007-08,316
90,New Canaan School District,2007-08,59
91,New Fairfield School District,2007-08,75
92,New Hartford School District,2007-08,19
93,New Haven School District,2007-08,1594
95,New London School District,2007-08,28
96,New Milford School District,2007-08,110
94,Newington School District,2007-08,75
97,Newtown School District,2007-08,62
98,Norfolk School District,2007-08,8
99,North Branford School District,2007-08,21
100,North Canaan School District,2007-08,22
101,North Haven School District,2007-08,58
102,North Stonington School District,2007-08,18
103,Norwalk School District,2007-08,146
901,Norwich Free Academy,2007-08,-
104,Norwich School District,2007-08,242
263,Odyssey Community School District,2007-08,-
106,Old Saybrook School District,2007-08,27
107,Orange School District,2007-08,28
108,Oxford School District,2007-08,26
283,Park City Prep Charter School,2007-08,-
109,Plainfield School District,2007-08,97
110,Plainville School District,2007-08,35
111,Plymouth School District,2007-08,76
112,Pomfret School District,2007-08,42
113,Portland School District,2007-08,16
114,Preston School District,2007-08,29
116,Putnam School District,2007-08,79
117,Redding School District,2007-08,62
201,Regional School District 01,2007-08,-
204,Regional School District 04,2007-08,-
205,Regional School District 05,2007-08,-
206,Regional School District 06,2007-08,14
207,Regional School District 07,2007-08,-
208,Regional School District 08,2007-08,-
209,Regional School District 09,2007-08,-
210,Regional School District 10,2007-08,60
211,Regional School District 11,2007-08,-
212,Regional School District 12,2007-08,21
213,Regional School District 13,2007-08,36
214,Regional School District 14,2007-08,17
215,Regional School District 15,2007-08,64
216,Regional School District 16,2007-08,69
217,Regional School District 17,2007-08,54
218,Regional School District 18,2007-08,52
219,Regional School District 19,2007-08,-
118,Ridgefield School District,2007-08,81
119,Rocky Hill School District,2007-08,48
121,Salem School District,2007-08,13
122,Salisbury School District,2007-08,13
123,Scotland School District,2007-08,19
124,Seymour School District,2007-08,32
125,Sharon School District,2007-08,9
126,Shelton School District,2007-08,61
127,Sherman School District,2007-08,18
270,Side By Side Community School District,2007-08,36
128,Simsbury School District,2007-08,36
129,Somers School District,2007-08,20
132,South Windsor School District,2007-08,71
131,Southington School District,2007-08,99
133,Sprague School District,2007-08,36
134,Stafford School District,2007-08,138
282,Stamford Academy,2007-08,-
135,Stamford School District,2007-08,115
136,Sterling School District,2007-08,36
137,Stonington School District,2007-08,46
138,Stratford School District,2007-08,105
139,Suffield School District,2007-08,24
269,The Bridge Academy District,2007-08,-
902,The Gilbert School,2007-08,-
140,Thomaston School District,2007-08,27
141,Thompson School District,2007-08,40
142,Tolland School District,2007-08,44
143,Torrington School District,2007-08,16
278,Trailblazers Academy District,2007-08,-
144,Trumbull School District,2007-08,201
145,Union School District,2007-08,-
146,Vernon School District,2007-08,36
147,Voluntown School District,2007-08,35
148,Wallingford School District,2007-08,139
151,Waterbury School District,2007-08,605
152,Waterford School District,2007-08,-
153,Watertown School District,2007-08,85
155,West Hartford School District,2007-08,171
156,West Haven School District,2007-08,68
154,Westbrook School District,2007-08,14
157,Weston School District,2007-08,35
158,Westport School District,2007-08,56
159,Wethersfield School District,2007-08,68
160,Willington School District,2007-08,19
161,Wilton School District,2007-08,42
162,Winchester School District,2007-08,24
163,Windham School District,2007-08,274
165,Windsor Locks School District,2007-08,38
164,Windsor School District,2007-08,46
166,Wolcott School District,2007-08,66
167,Woodbridge School District,2007-08,22
903,Woodstock Academy,2007-08,-
169,Woodstock School District,2007-08,27
279,Amistad Academy District,2006-07,-
1,Andover School District,2006-07,13
2,Ansonia School District,2006-07,83
244,Area Cooperative Educational Services,2006-07,-
3,Ashford School District,2006-07,38
4,Avon School District,2006-07,44
5,Barkhamsted School District,2006-07,25
7,Berlin School District,2006-07,57
8,Bethany School District,2006-07,20
9,Bethel School District,2006-07,60
11,Bloomfield School District,2006-07,24
12,Bolton School District,2006-07,8
13,Bozrah School District,2006-07,13
14,Branford School District,2006-07,74
15,Bridgeport School District,2006-07,553
17,Bristol School District,2006-07,270
18,Brookfield School District,2006-07,31
19,Brooklyn School District,2006-07,124
21,Canaan School District,2006-07,-
22,Canterbury School District,2006-07,22
23,Canton School District,2006-07,30
241,Capitol Region Education Council,2006-07,142
24,Chaplin School District,2006-07,27
25,Cheshire School District,2006-07,76
26,Chester School District,2006-07,-
27,Clinton School District,2006-07,34
28,Colchester School District,2006-07,78
29,Colebrook School District,2006-07,-
30,Columbia School District,2006-07,22
268,Common Ground High School District,2006-07,-
900,Connecticut Technical High School System,2006-07,-
243,Cooperative Educational Services,2006-07,77
31,Cornwall School District,2006-07,-
32,Coventry School District,2006-07,17
33,Cromwell School District,2006-07,31
284,Cross Cultural Academy,2006-07,-
34,Danbury School District,2006-07,178
35,Darien School District,2006-07,61
36,Deep River School District,2006-07,20
37,Derby School District,2006-07,14
40,East Granby School District,2006-07,10
41,East Haddam School District,2006-07,25
42,East Hampton School District,2006-07,32
43,East Hartford School District,2006-07,143
44,East Haven School District,2006-07,118
45,East Lyme School District,2006-07,55
47,East Windsor School District,2006-07,62
39,Eastford School District,2006-07,-
46,Easton School District,2006-07,32
242,Education Connection,2006-07,206
48,Ellington School District,2006-07,51
289,Elm City College Preparatory School,2006-07,-
49,Enfield School District,2006-07,157
50,Essex School District,2006-07,-
272,Explorations District,2006-07,-
51,Fairfield School District,2006-07,142
52,Farmington School District,2006-07,51
53,Franklin School District,2006-07,28
54,Glastonbury School District,2006-07,68
56,Granby School District,2006-07,-
57,Greenwich School District,2006-07,141
58,Griswold School District,2006-07,122
59,Groton School District,2006-07,252
60,Guilford School District,2006-07,47
62,Hamden School District,2006-07,93
63,Hampton School District,2006-07,21
64,Hartford School District,2006-07,798
65,Hartland School District,2006-07,8
67,Hebron School District,2006-07,49
277,Highville Mustard Seed Charter School District,2006-07,82
264,Integrated Day Charter School District,2006-07,33
265,Interdistrict School for Arts and Comm District,2006-07,-
261,Jumoke Academy District,2006-07,-
68,Kent School District,2006-07,12
69,Killingly School District,2006-07,76
245,Learn,2006-07,300
71,Lebanon School District,2006-07,38
72,Ledyard School District,2006-07,40
73,Lisbon School District,2006-07,52
74,Litchfield School District,2006-07,17
76,Madison School District,2006-07,-
77,Manchester School District,2006-07,231
78,Mansfield School District,2006-07,61
79,Marlborough School District,2006-07,20
80,Meriden School District,2006-07,329
83,Middletown School District,2006-07,111
84,Milford School District,2006-07,184
85,Monroe School District,2006-07,46
86,Montville School District,2006-07,66
88,Naugatuck School District,2006-07,148
280,"New Beginnings Inc., Family Academy District",2006-07,-
89,New Britain School District,2006-07,307
90,New Canaan School District,2006-07,70
91,New Fairfield School District,2006-07,75
92,New Hartford School District,2006-07,17
93,New Haven School District,2006-07,1406
95,New London School District,2006-07,38
96,New Milford School District,2006-07,90
94,Newington School District,2006-07,77
97,Newtown School District,2006-07,59
98,Norfolk School District,2006-07,17
99,North Branford School District,2006-07,17
100,North Canaan School District,2006-07,18
101,North Haven School District,2006-07,58
102,North Stonington School District,2006-07,18
103,Norwalk School District,2006-07,151
901,Norwich Free Academy,2006-07,-
104,Norwich School District,2006-07,243
263,Odyssey Community School District,2006-07,-
106,Old Saybrook School District,2006-07,40
107,Orange School District,2006-07,25
108,Oxford School District,2006-07,23
283,Park City Prep Charter School,2006-07,-
109,Plainfield School District,2006-07,93
110,Plainville School District,2006-07,40
111,Plymouth School District,2006-07,84
112,Pomfret School District,2006-07,41
113,Portland School District,2006-07,14
114,Preston School District,2006-07,29
116,Putnam School District,2006-07,76
117,Redding School District,2006-07,60
201,Regional School District 01,2006-07,-
204,Regional School District 04,2006-07,-
205,Regional School District 05,2006-07,-
206,Regional School District 06,2006-07,6
207,Regional School District 07,2006-07,-
208,Regional School District 08,2006-07,-
209,Regional School District 09,2006-07,-
210,Regional School District 10,2006-07,38
211,Regional School District 11,2006-07,-
212,Regional School District 12,2006-07,20
213,Regional School District 13,2006-07,34
214,Regional School District 14,2006-07,16
215,Regional School District 15,2006-07,62
216,Regional School District 16,2006-07,71
217,Regional School District 17,2006-07,50
218,Regional School District 18,2006-07,38
219,Regional School District 19,2006-07,-
118,Ridgefield School District,2006-07,77
119,Rocky Hill School District,2006-07,56
121,Salem School District,2006-07,12
122,Salisbury School District,2006-07,7
123,Scotland School District,2006-07,18
124,Seymour School District,2006-07,34
125,Sharon School District,2006-07,10
126,Shelton School District,2006-07,57
127,Sherman School District,2006-07,20
270,Side By Side Community School District,2006-07,35
128,Simsbury School District,2006-07,39
129,Somers School District,2006-07,18
132,South Windsor School District,2006-07,62
131,Southington School District,2006-07,95
133,Sprague School District,2006-07,36
134,Stafford School District,2006-07,145
282,Stamford Academy,2006-07,-
135,Stamford School District,2006-07,82
136,Sterling School District,2006-07,31
137,Stonington School District,2006-07,46
138,Stratford School District,2006-07,98
139,Suffield School District,2006-07,22
269,The Bridge Academy District,2006-07,-
902,The Gilbert School,2006-07,-
140,Thomaston School District,2006-07,19
141,Thompson School District,2006-07,54
142,Tolland School District,2006-07,47
143,Torrington School District,2006-07,17
278,Trailblazers Academy District,2006-07,-
144,Trumbull School District,2006-07,202
145,Union School District,2006-07,-
146,Vernon School District,2006-07,25
147,Voluntown School District,2006-07,24
148,Wallingford School District,2006-07,136
151,Waterbury School District,2006-07,540
152,Waterford School District,2006-07,-
153,Watertown School District,2006-07,84
155,West Hartford School District,2006-07,186
156,West Haven School District,2006-07,57
154,Westbrook School District,2006-07,14
157,Weston School District,2006-07,40
158,Westport School District,2006-07,59
159,Wethersfield School District,2006-07,73
160,Willington School District,2006-07,20
161,Wilton School District,2006-07,58
162,Winchester School District,2006-07,19
163,Windham School District,2006-07,263
165,Windsor Locks School District,2006-07,30
164,Windsor School District,2006-07,50
166,Wolcott School District,2006-07,61
167,Woodbridge School District,2006-07,18
903,Woodstock Academy,2006-07,-
169,Woodstock School District,2006-07,29
279,Amistad Academy District,2005-06,-
1,Andover School District,2005-06,9
2,Ansonia School District,2005-06,64
244,Area Cooperative Educational Services,2005-06,-
3,Ashford School District,2005-06,33
4,Avon School District,2005-06,32
5,Barkhamsted School District,2005-06,17
7,Berlin School District,2005-06,59
8,Bethany School District,2005-06,22
9,Bethel School District,2005-06,77
11,Bloomfield School District,2005-06,39
12,Bolton School District,2005-06,-
13,Bozrah School District,2005-06,9
14,Branford School District,2005-06,64
15,Bridgeport School District,2005-06,531
17,Bristol School District,2005-06,293
18,Brookfield School District,2005-06,33
19,Brooklyn School District,2005-06,114
21,Canaan School District,2005-06,-
22,Canterbury School District,2005-06,23
23,Canton School District,2005-06,27
241,Capitol Region Education Council,2005-06,146
24,Chaplin School District,2005-06,29
25,Cheshire School District,2005-06,75
26,Chester School District,2005-06,-
27,Clinton School District,2005-06,25
28,Colchester School District,2005-06,76
29,Colebrook School District,2005-06,1
30,Columbia School District,2005-06,27
268,Common Ground High School District,2005-06,-
900,Connecticut Technical High School System,2005-06,-
243,Cooperative Educational Services,2005-06,73
31,Cornwall School District,2005-06,-
32,Coventry School District,2005-06,15
33,Cromwell School District,2005-06,22
34,Danbury School District,2005-06,150
35,Darien School District,2005-06,31
36,Deep River School District,2005-06,18
37,Derby School District,2005-06,12
40,East Granby School District,2005-06,11
41,East Haddam School District,2005-06,19
42,East Hampton School District,2005-06,24
43,East Hartford School District,2005-06,357
44,East Haven School District,2005-06,91
45,East Lyme School District,2005-06,48
47,East Windsor School District,2005-06,53
39,Eastford School District,2005-06,2
46,Easton School District,2005-06,21
242,Education Connection,2005-06,190
48,Ellington School District,2005-06,40
289,Elm City College Preparatory School,2005-06,-
49,Enfield School District,2005-06,182
50,Essex School District,2005-06,-
272,Explorations District,2005-06,-
51,Fairfield School District,2005-06,144
52,Farmington School District,2005-06,44
53,Franklin School District,2005-06,26
54,Glastonbury School District,2005-06,74
56,Granby School District,2005-06,-
57,Greenwich School District,2005-06,132
58,Griswold School District,2005-06,85
59,Groton School District,2005-06,255
60,Guilford School District,2005-06,50
62,Hamden School District,2005-06,83
63,Hampton School District,2005-06,21
64,Hartford School District,2005-06,671
65,Hartland School District,2005-06,-
67,Hebron School District,2005-06,61
277,Highville Mustard Seed Charter School District,2005-06,86
264,Integrated Day Charter School District,2005-06,16
265,Interdistrict School for Arts and Comm District,2005-06,-
261,Jumoke Academy District,2005-06,-
68,Kent School District,2005-06,15
69,Killingly School District,2005-06,87
245,Learn,2005-06,304
71,Lebanon School District,2005-06,29
72,Ledyard School District,2005-06,23
73,Lisbon School District,2005-06,42
74,Litchfield School District,2005-06,22
76,Madison School District,2005-06,-
77,Manchester School District,2005-06,235
78,Mansfield School District,2005-06,66
79,Marlborough School District,2005-06,26
80,Meriden School District,2005-06,307
83,Middletown School District,2005-06,101
84,Milford School District,2005-06,180
85,Monroe School District,2005-06,43
86,Montville School District,2005-06,55
88,Naugatuck School District,2005-06,145
280,"New Beginnings Inc., Family Academy District",2005-06,-
89,New Britain School District,2005-06,267
90,New Canaan School District,2005-06,67
91,New Fairfield School District,2005-06,80
92,New Hartford School District,2005-06,17
93,New Haven School District,2005-06,1314
95,New London School District,2005-06,9
96,New Milford School District,2005-06,86
94,Newington School District,2005-06,69
97,Newtown School District,2005-06,42
98,Norfolk School District,2005-06,22
99,North Branford School District,2005-06,19
100,North Canaan School District,2005-06,20
101,North Haven School District,2005-06,53
102,North Stonington School District,2005-06,-
103,Norwalk School District,2005-06,137
901,Norwich Free Academy,2005-06,-
104,Norwich School District,2005-06,233
263,Odyssey Community School District,2005-06,-
106,Old Saybrook School District,2005-06,41
107,Orange School District,2005-06,27
108,Oxford School District,2005-06,32
109,Plainfield School District,2005-06,92
110,Plainville School District,2005-06,34
111,Plymouth School District,2005-06,69
112,Pomfret School District,2005-06,36
113,Portland School District,2005-06,14
114,Preston School District,2005-06,22
116,Putnam School District,2005-06,61
117,Redding School District,2005-06,59
201,Regional School District 01,2005-06,-
204,Regional School District 04,2005-06,-
205,Regional School District 05,2005-06,-
206,Regional School District 06,2005-06,6
207,Regional School District 07,2005-06,-
208,Regional School District 08,2005-06,-
209,Regional School District 09,2005-06,-
210,Regional School District 10,2005-06,23
211,Regional School District 11,2005-06,-
212,Regional School District 12,2005-06,19
213,Regional School District 13,2005-06,37
214,Regional School District 14,2005-06,14
215,Regional School District 15,2005-06,55
216,Regional School District 16,2005-06,63
217,Regional School District 17,2005-06,26
218,Regional School District 18,2005-06,34
219,Regional School District 19,2005-06,-
118,Ridgefield School District,2005-06,71
119,Rocky Hill School District,2005-06,58
121,Salem School District,2005-06,10
122,Salisbury School District,2005-06,9
123,Scotland School District,2005-06,23
124,Seymour School District,2005-06,17
125,Sharon School District,2005-06,11
126,Shelton School District,2005-06,70
127,Sherman School District,2005-06,18
270,Side By Side Community School District,2005-06,35
128,Simsbury School District,2005-06,40
129,Somers School District,2005-06,21
132,South Windsor School District,2005-06,66
131,Southington School District,2005-06,98
133,Sprague School District,2005-06,39
134,Stafford School District,2005-06,123
282,Stamford Academy,2005-06,-
135,Stamford School District,2005-06,56
136,Sterling School District,2005-06,28
137,Stonington School District,2005-06,74
138,Stratford School District,2005-06,108
139,Suffield School District,2005-06,31
269,The Bridge Academy District,2005-06,-
902,The Gilbert School,2005-06,-
140,Thomaston School District,2005-06,14
141,Thompson School District,2005-06,63
142,Tolland School District,2005-06,44
143,Torrington School District,2005-06,14
278,Trailblazers Academy District,2005-06,-
144,Trumbull School District,2005-06,183
145,Union School District,2005-06,-
146,Vernon School District,2005-06,24
147,Voluntown School District,2005-06,24
148,Wallingford School District,2005-06,137
151,Waterbury School District,2005-06,563
152,Waterford School District,2005-06,-
153,Watertown School District,2005-06,92
155,West Hartford School District,2005-06,161
156,West Haven School District,2005-06,53
154,Westbrook School District,2005-06,16
157,Weston School District,2005-06,38
158,Westport School District,2005-06,55
159,Wethersfield School District,2005-06,47
160,Willington School District,2005-06,21
161,Wilton School District,2005-06,73
162,Winchester School District,2005-06,26
163,Windham School District,2005-06,251
165,Windsor Locks School District,2005-06,33
164,Windsor School District,2005-06,40
166,Wolcott School District,2005-06,61
167,Woodbridge School District,2005-06,19
903,Woodstock Academy,2005-06,-
169,Woodstock School District,2005-06,31
279,Amistad Academy District,2004-05,-
1,Andover School District,2004-05,15
2,Ansonia School District,2004-05,24
244,Area Cooperative Educational Services,2004-05,-
3,Ashford School District,2004-05,43
4,Avon School District,2004-05,36
5,Barkhamsted School District,2004-05,25
7,Berlin School District,2004-05,62
8,Bethany School District,2004-05,25
9,Bethel School District,2004-05,68
11,Bloomfield School District,2004-05,38
12,Bolton School District,2004-05,-
13,Bozrah School District,2004-05,10
14,Branford School District,2004-05,58
15,Bridgeport School District,2004-05,537
17,Bristol School District,2004-05,254
18,Brookfield School District,2004-05,36
19,Brooklyn School District,2004-05,107
21,Canaan School District,2004-05,-
22,Canterbury School District,2004-05,18
23,Canton School District,2004-05,16
241,Capitol Region Education Council,2004-05,147
24,Chaplin School District,2004-05,17
25,Cheshire School District,2004-05,74
26,Chester School District,2004-05,-
27,Clinton School District,2004-05,23
28,Colchester School District,2004-05,56
29,Colebrook School District,2004-05,-
30,Columbia School District,2004-05,26
268,Common Ground High School District,2004-05,-
900,Connecticut Technical High School System,2004-05,-
243,Cooperative Educational Services,2004-05,75
31,Cornwall School District,2004-05,-
32,Coventry School District,2004-05,-
33,Cromwell School District,2004-05,19
34,Danbury School District,2004-05,168
35,Darien School District,2004-05,31
36,Deep River School District,2004-05,22
37,Derby School District,2004-05,16
40,East Granby School District,2004-05,10
41,East Haddam School District,2004-05,22
42,East Hampton School District,2004-05,20
43,East Hartford School District,2004-05,337
44,East Haven School District,2004-05,105
45,East Lyme School District,2004-05,46
47,East Windsor School District,2004-05,60
39,Eastford School District,2004-05,2
46,Easton School District,2004-05,23
242,Education Connection,2004-05,177
48,Ellington School District,2004-05,44
289,Elm City College Preparatory School,2004-05,-
49,Enfield School District,2004-05,180
50,Essex School District,2004-05,-
272,Explorations District,2004-05,-
51,Fairfield School District,2004-05,129
52,Farmington School District,2004-05,51
53,Franklin School District,2004-05,30
54,Glastonbury School District,2004-05,63
56,Granby School District,2004-05,-
57,Greenwich School District,2004-05,133
58,Griswold School District,2004-05,128
59,Groton School District,2004-05,264
60,Guilford School District,2004-05,56
62,Hamden School District,2004-05,67
63,Hampton School District,2004-05,18
64,Hartford School District,2004-05,642
65,Hartland School District,2004-05,-
67,Hebron School District,2004-05,51
277,Highville Mustard Seed Charter School District,2004-05,96
264,Integrated Day Charter School District,2004-05,16
265,Interdistrict School for Arts and Comm District,2004-05,-
261,Jumoke Academy District,2004-05,-
68,Kent School District,2004-05,15
69,Killingly School District,2004-05,96
245,Learn,2004-05,-
71,Lebanon School District,2004-05,29
72,Ledyard School District,2004-05,23
73,Lisbon School District,2004-05,49
74,Litchfield School District,2004-05,18
76,Madison School District,2004-05,-
77,Manchester School District,2004-05,224
78,Mansfield School District,2004-05,66
79,Marlborough School District,2004-05,14
80,Meriden School District,2004-05,313
83,Middletown School District,2004-05,97
84,Milford School District,2004-05,186
85,Monroe School District,2004-05,56
86,Montville School District,2004-05,60
88,Naugatuck School District,2004-05,151
280,"New Beginnings Inc., Family Academy District",2004-05,-
89,New Britain School District,2004-05,253
90,New Canaan School District,2004-05,46
91,New Fairfield School District,2004-05,71
92,New Hartford School District,2004-05,20
93,New Haven School District,2004-05,1329
95,New London School District,2004-05,73
96,New Milford School District,2004-05,82
94,Newington School District,2004-05,69
97,Newtown School District,2004-05,40
98,Norfolk School District,2004-05,11
99,North Branford School District,2004-05,15
100,North Canaan School District,2004-05,19
101,North Haven School District,2004-05,42
102,North Stonington School District,2004-05,-
103,Norwalk School District,2004-05,135
901,Norwich Free Academy,2004-05,-
104,Norwich School District,2004-05,191
263,Odyssey Community School District,2004-05,-
106,Old Saybrook School District,2004-05,33
107,Orange School District,2004-05,32
108,Oxford School District,2004-05,25
109,Plainfield School District,2004-05,108
110,Plainville School District,2004-05,33
111,Plymouth School District,2004-05,50
112,Pomfret School District,2004-05,20
113,Portland School District,2004-05,20
114,Preston School District,2004-05,21
116,Putnam School District,2004-05,63
117,Redding School District,2004-05,47
201,Regional School District 01,2004-05,-
204,Regional School District 04,2004-05,-
205,Regional School District 05,2004-05,-
206,Regional School District 06,2004-05,5
207,Regional School District 07,2004-05,-
208,Regional School District 08,2004-05,-
209,Regional School District 09,2004-05,-
210,Regional School District 10,2004-05,17
211,Regional School District 11,2004-05,-
212,Regional School District 12,2004-05,18
213,Regional School District 13,2004-05,36
214,Regional School District 14,2004-05,23
215,Regional School District 15,2004-05,33
216,Regional School District 16,2004-05,55
217,Regional School District 17,2004-05,24
218,Regional School District 18,2004-05,49
219,Regional School District 19,2004-05,-
118,Ridgefield School District,2004-05,66
119,Rocky Hill School District,2004-05,45
121,Salem School District,2004-05,16
122,Salisbury School District,2004-05,18
123,Scotland School District,2004-05,31
124,Seymour School District,2004-05,21
125,Sharon School District,2004-05,11
126,Shelton School District,2004-05,18
127,Sherman School District,2004-05,18
270,Side By Side Community School District,2004-05,33
128,Simsbury School District,2004-05,43
129,Somers School District,2004-05,15
132,South Windsor School District,2004-05,69
131,Southington School District,2004-05,97
133,Sprague School District,2004-05,19
134,Stafford School District,2004-05,115
282,Stamford Academy,2004-05,-
135,Stamford School District,2004-05,100
136,Sterling School District,2004-05,30
137,Stonington School District,2004-05,57
138,Stratford School District,2004-05,110
139,Suffield School District,2004-05,32
269,The Bridge Academy District,2004-05,-
902,The Gilbert School,2004-05,-
140,Thomaston School District,2004-05,19
141,Thompson School District,2004-05,72
142,Tolland School District,2004-05,45
143,Torrington School District,2004-05,11
278,Trailblazers Academy District,2004-05,-
144,Trumbull School District,2004-05,105
145,Union School District,2004-05,-
146,Vernon School District,2004-05,24
147,Voluntown School District,2004-05,20
148,Wallingford School District,2004-05,109
151,Waterbury School District,2004-05,583
152,Waterford School District,2004-05,43
153,Watertown School District,2004-05,96
155,West Hartford School District,2004-05,162
156,West Haven School District,2004-05,48
154,Westbrook School District,2004-05,13
157,Weston School District,2004-05,31
158,Westport School District,2004-05,51
159,Wethersfield School District,2004-05,49
160,Willington School District,2004-05,22
161,Wilton School District,2004-05,68
162,Winchester School District,2004-05,21
163,Windham School District,2004-05,255
165,Windsor Locks School District,2004-05,31
164,Windsor School District,2004-05,51
166,Wolcott School District,2004-05,51
167,Woodbridge School District,2004-05,20
903,Woodstock Academy,2004-05,-
169,Woodstock School District,2004-05,28
279,Amistad Academy District,2003-04,-
1,Andover School District,2003-04,11
2,Ansonia School District,2003-04,14
244,Area Cooperative Educational Services,2003-04,-
3,Ashford School District,2003-04,33
4,Avon School District,2003-04,28
5,Barkhamsted School District,2003-04,18
7,Berlin School District,2003-04,57
8,Bethany School District,2003-04,31
9,Bethel School District,2003-04,55
11,Bloomfield School District,2003-04,55
12,Bolton School District,2003-04,-
13,Bozrah School District,2003-04,8
14,Branford School District,2003-04,45
15,Bridgeport School District,2003-04,474
17,Bristol School District,2003-04,185
18,Brookfield School District,2003-04,31
19,Brooklyn School District,2003-04,94
21,Canaan School District,2003-04,-
22,Canterbury School District,2003-04,15
23,Canton School District,2003-04,19
241,Capitol Region Education Council,2003-04,146
24,Chaplin School District,2003-04,20
25,Cheshire School District,2003-04,84
26,Chester School District,2003-04,16
27,Clinton School District,2003-04,22
28,Colchester School District,2003-04,55
29,Colebrook School District,2003-04,1
30,Columbia School District,2003-04,28
268,Common Ground High School District,2003-04,-
900,Connecticut Technical High School System,2003-04,-
243,Cooperative Educational Services,2003-04,68
31,Cornwall School District,2003-04,-
32,Coventry School District,2003-04,-
33,Cromwell School District,2003-04,22
34,Danbury School District,2003-04,105
35,Darien School District,2003-04,39
36,Deep River School District,2003-04,2
37,Derby School District,2003-04,14
40,East Granby School District,2003-04,12
41,East Haddam School District,2003-04,25
42,East Hampton School District,2003-04,17
43,East Hartford School District,2003-04,340
44,East Haven School District,2003-04,90
45,East Lyme School District,2003-04,44
47,East Windsor School District,2003-04,62
39,Eastford School District,2003-04,-
46,Easton School District,2003-04,20
242,Education Connection,2003-04,177
48,Ellington School District,2003-04,41
49,Enfield School District,2003-04,161
50,Essex School District,2003-04,-
272,Explorations District,2003-04,-
51,Fairfield School District,2003-04,121
52,Farmington School District,2003-04,57
53,Franklin School District,2003-04,23
54,Glastonbury School District,2003-04,30
56,Granby School District,2003-04,-
57,Greenwich School District,2003-04,125
58,Griswold School District,2003-04,124
59,Groton School District,2003-04,290
60,Guilford School District,2003-04,49
62,Hamden School District,2003-04,35
63,Hampton School District,2003-04,20
64,Hartford School District,2003-04,642
65,Hartland School District,2003-04,-
67,Hebron School District,2003-04,46
277,Highville Mustard Seed Charter School District,2003-04,76
264,Integrated Day Charter School District,2003-04,16
265,Interdistrict School for Arts and Comm District,2003-04,-
261,Jumoke Academy District,2003-04,-
68,Kent School District,2003-04,11
69,Killingly School District,2003-04,91
245,Learn,2003-04,-
71,Lebanon School District,2003-04,33
72,Ledyard School District,2003-04,29
73,Lisbon School District,2003-04,65
74,Litchfield School District,2003-04,19
76,Madison School District,2003-04,32
77,Manchester School District,2003-04,203
78,Mansfield School District,2003-04,67
79,Marlborough School District,2003-04,15
80,Meriden School District,2003-04,321
83,Middletown School District,2003-04,107
84,Milford School District,2003-04,180
85,Monroe School District,2003-04,58
86,Montville School District,2003-04,34
88,Naugatuck School District,2003-04,119
280,"New Beginnings Inc., Family Academy District",2003-04,-
89,New Britain School District,2003-04,213
90,New Canaan School District,2003-04,26
91,New Fairfield School District,2003-04,74
92,New Hartford School District,2003-04,16
93,New Haven School District,2003-04,1151
95,New London School District,2003-04,71
96,New Milford School District,2003-04,95
94,Newington School District,2003-04,62
97,Newtown School District,2003-04,22
98,Norfolk School District,2003-04,21
99,North Branford School District,2003-04,18
100,North Canaan School District,2003-04,15
101,North Haven School District,2003-04,37
102,North Stonington School District,2003-04,-
103,Norwalk School District,2003-04,134
901,Norwich Free Academy,2003-04,-
104,Norwich School District,2003-04,148
263,Odyssey Community School District,2003-04,-
106,Old Saybrook School District,2003-04,27
107,Orange School District,2003-04,30
108,Oxford School District,2003-04,27
109,Plainfield School District,2003-04,121
110,Plainville School District,2003-04,28
111,Plymouth School District,2003-04,11
112,Pomfret School District,2003-04,28
113,Portland School District,2003-04,17
114,Preston School District,2003-04,17
116,Putnam School District,2003-04,62
117,Redding School District,2003-04,43
201,Regional School District 01,2003-04,-
204,Regional School District 04,2003-04,-
205,Regional School District 05,2003-04,-
206,Regional School District 06,2003-04,-
207,Regional School District 07,2003-04,-
208,Regional School District 08,2003-04,-
209,Regional School District 09,2003-04,-
210,Regional School District 10,2003-04,16
211,Regional School District 11,2003-04,-
212,Regional School District 12,2003-04,32
213,Regional School District 13,2003-04,29
214,Regional School District 14,2003-04,15
215,Regional School District 15,2003-04,35
216,Regional School District 16,2003-04,56
217,Regional School District 17,2003-04,27
218,Regional School District 18,2003-04,53
219,Regional School District 19,2003-04,-
118,Ridgefield School District,2003-04,57
119,Rocky Hill School District,2003-04,51
121,Salem School District,2003-04,16
122,Salisbury School District,2003-04,17
123,Scotland School District,2003-04,24
124,Seymour School District,2003-04,22
125,Sharon School District,2003-04,12
126,Shelton School District,2003-04,17
127,Sherman School District,2003-04,19
270,Side By Side Community School District,2003-04,32
128,Simsbury School District,2003-04,45
129,Somers School District,2003-04,14
132,South Windsor School District,2003-04,55
131,Southington School District,2003-04,85
133,Sprague School District,2003-04,18
134,Stafford School District,2003-04,131
135,Stamford School District,2003-04,136
136,Sterling School District,2003-04,31
137,Stonington School District,2003-04,58
138,Stratford School District,2003-04,106
139,Suffield School District,2003-04,40
269,The Bridge Academy District,2003-04,-
902,The Gilbert School,2003-04,-
140,Thomaston School District,2003-04,13
141,Thompson School District,2003-04,63
142,Tolland School District,2003-04,54
143,Torrington School District,2003-04,11
278,Trailblazers Academy District,2003-04,-
144,Trumbull School District,2003-04,107
145,Union School District,2003-04,-
146,Vernon School District,2003-04,37
147,Voluntown School District,2003-04,23
148,Wallingford School District,2003-04,102
151,Waterbury School District,2003-04,623
152,Waterford School District,2003-04,54
153,Watertown School District,2003-04,94
155,West Hartford School District,2003-04,96
156,West Haven School District,2003-04,47
154,Westbrook School District,2003-04,16
157,Weston School District,2003-04,29
158,Westport School District,2003-04,49
159,Wethersfield School District,2003-04,46
160,Willington School District,2003-04,21
161,Wilton School District,2003-04,45
162,Winchester School District,2003-04,23
163,Windham School District,2003-04,181
165,Windsor Locks School District,2003-04,31
164,Windsor School District,2003-04,56
166,Wolcott School District,2003-04,15
167,Woodbridge School District,2003-04,16
903,Woodstock Academy,2003-04,-
169,Woodstock School District,2003-04,32
279,Amistad Academy District,2002-03,-
1,Andover School District,2002-03,15
2,Ansonia School District,2002-03,17
244,Area Cooperative Educational Services,2002-03,-
3,Ashford School District,2002-03,47
4,Avon School District,2002-03,31
5,Barkhamsted School District,2002-03,27
7,Berlin School District,2002-03,58
8,Bethany School District,2002-03,29
9,Bethel School District,2002-03,58
11,Bloomfield School District,2002-03,68
12,Bolton School District,2002-03,-
13,Bozrah School District,2002-03,11
14,Branford School District,2002-03,44
15,Bridgeport School District,2002-03,582
17,Bristol School District,2002-03,215
18,Brookfield School District,2002-03,47
273,Brooklawn Academy District,2002-03,-
19,Brooklyn School District,2002-03,105
21,Canaan School District,2002-03,-
22,Canterbury School District,2002-03,23
23,Canton School District,2002-03,22
241,Capitol Region Education Council,2002-03,144
24,Chaplin School District,2002-03,20
25,Cheshire School District,2002-03,90
26,Chester School District,2002-03,19
27,Clinton School District,2002-03,27
28,Colchester School District,2002-03,118
29,Colebrook School District,2002-03,1
30,Columbia School District,2002-03,30
268,Common Ground High School District,2002-03,-
900,Connecticut Technical High School System,2002-03,-
243,Cooperative Educational Services,2002-03,76
31,Cornwall School District,2002-03,-
32,Coventry School District,2002-03,-
33,Cromwell School District,2002-03,22
34,Danbury School District,2002-03,166
35,Darien School District,2002-03,31
36,Deep River School District,2002-03,1
37,Derby School District,2002-03,41
40,East Granby School District,2002-03,11
41,East Haddam School District,2002-03,21
42,East Hampton School District,2002-03,21
43,East Hartford School District,2002-03,355
44,East Haven School District,2002-03,82
45,East Lyme School District,2002-03,36
47,East Windsor School District,2002-03,59
39,Eastford School District,2002-03,3
46,Easton School District,2002-03,11
242,Education Connection,2002-03,182
48,Ellington School District,2002-03,45
49,Enfield School District,2002-03,139
50,Essex School District,2002-03,-
272,Explorations District,2002-03,-
51,Fairfield School District,2002-03,112
52,Farmington School District,2002-03,33
53,Franklin School District,2002-03,23
54,Glastonbury School District,2002-03,44
56,Granby School District,2002-03,-
57,Greenwich School District,2002-03,141
58,Griswold School District,2002-03,122
59,Groton School District,2002-03,284
60,Guilford School District,2002-03,39
62,Hamden School District,2002-03,52
63,Hampton School District,2002-03,20
64,Hartford School District,2002-03,721
65,Hartland School District,2002-03,-
67,Hebron School District,2002-03,41
277,Highville Mustard Seed Charter School District,2002-03,40
264,Integrated Day Charter School District,2002-03,13
265,Interdistrict School for Arts and Comm District,2002-03,-
261,Jumoke Academy District,2002-03,-
68,Kent School District,2002-03,-
69,Killingly School District,2002-03,111
245,Learn,2002-03,-
71,Lebanon School District,2002-03,38
72,Ledyard School District,2002-03,25
73,Lisbon School District,2002-03,66
74,Litchfield School District,2002-03,23
76,Madison School District,2002-03,33
77,Manchester School District,2002-03,214
78,Mansfield School District,2002-03,62
79,Marlborough School District,2002-03,18
80,Meriden School District,2002-03,325
83,Middletown School District,2002-03,106
84,Milford School District,2002-03,202
85,Monroe School District,2002-03,50
86,Montville School District,2002-03,23
88,Naugatuck School District,2002-03,131
280,"New Beginnings Inc., Family Academy District",2002-03,-
89,New Britain School District,2002-03,228
90,New Canaan School District,2002-03,-
91,New Fairfield School District,2002-03,84
92,New Hartford School District,2002-03,17
93,New Haven School District,2002-03,1257
95,New London School District,2002-03,95
96,New Milford School District,2002-03,45
94,Newington School District,2002-03,57
97,Newtown School District,2002-03,25
98,Norfolk School District,2002-03,16
99,North Branford School District,2002-03,27
100,North Canaan School District,2002-03,22
101,North Haven School District,2002-03,24
102,North Stonington School District,2002-03,-
103,Norwalk School District,2002-03,135
901,Norwich Free Academy,2002-03,-
104,Norwich School District,2002-03,174
263,Odyssey Community School District,2002-03,-
106,Old Saybrook School District,2002-03,31
107,Orange School District,2002-03,36
108,Oxford School District,2002-03,28
109,Plainfield School District,2002-03,125
110,Plainville School District,2002-03,28
111,Plymouth School District,2002-03,20
112,Pomfret School District,2002-03,25
113,Portland School District,2002-03,15
114,Preston School District,2002-03,15
116,Putnam School District,2002-03,66
117,Redding School District,2002-03,46
201,Regional School District 01,2002-03,-
204,Regional School District 04,2002-03,-
205,Regional School District 05,2002-03,-
206,Regional School District 06,2002-03,4
207,Regional School District 07,2002-03,-
208,Regional School District 08,2002-03,-
209,Regional School District 09,2002-03,-
210,Regional School District 10,2002-03,12
211,Regional School District 11,2002-03,-
212,Regional School District 12,2002-03,16
213,Regional School District 13,2002-03,13
214,Regional School District 14,2002-03,16
215,Regional School District 15,2002-03,38
216,Regional School District 16,2002-03,71
217,Regional School District 17,2002-03,22
218,Regional School District 18,2002-03,49
219,Regional School District 19,2002-03,-
118,Ridgefield School District,2002-03,42
119,Rocky Hill School District,2002-03,58
121,Salem School District,2002-03,18
122,Salisbury School District,2002-03,-
123,Scotland School District,2002-03,24
124,Seymour School District,2002-03,29
125,Sharon School District,2002-03,13
126,Shelton School District,2002-03,17
127,Sherman School District,2002-03,18
270,Side By Side Community School District,2002-03,29
128,Simsbury School District,2002-03,64
129,Somers School District,2002-03,19
132,South Windsor School District,2002-03,49
131,Southington School District,2002-03,83
133,Sprague School District,2002-03,24
134,Stafford School District,2002-03,133
135,Stamford School District,2002-03,159
136,Sterling School District,2002-03,27
137,Stonington School District,2002-03,53
138,Stratford School District,2002-03,107
139,Suffield School District,2002-03,32
269,The Bridge Academy District,2002-03,-
902,The Gilbert School,2002-03,-
140,Thomaston School District,2002-03,36
141,Thompson School District,2002-03,57
142,Tolland School District,2002-03,47
143,Torrington School District,2002-03,22
278,Trailblazers Academy District,2002-03,-
144,Trumbull School District,2002-03,99
145,Union School District,2002-03,-
146,Vernon School District,2002-03,53
147,Voluntown School District,2002-03,20
148,Wallingford School District,2002-03,42
151,Waterbury School District,2002-03,590
152,Waterford School District,2002-03,44
153,Watertown School District,2002-03,89
155,West Hartford School District,2002-03,82
156,West Haven School District,2002-03,47
154,Westbrook School District,2002-03,18
157,Weston School District,2002-03,21
158,Westport School District,2002-03,40
159,Wethersfield School District,2002-03,42
160,Willington School District,2002-03,22
161,Wilton School District,2002-03,43
162,Winchester School District,2002-03,30
163,Windham School District,2002-03,229
165,Windsor Locks School District,2002-03,41
164,Windsor School District,2002-03,54
166,Wolcott School District,2002-03,18
167,Woodbridge School District,2002-03,17
903,Woodstock Academy,2002-03,-
169,Woodstock School District,2002-03,39
279,Amistad Academy District,2001-02,-
1,Andover School District,2001-02,13
2,Ansonia School District,2001-02,16
244,Area Cooperative Educational Services,2001-02,-
3,Ashford School District,2001-02,41
4,Avon School District,2001-02,34
5,Barkhamsted School District,2001-02,20
7,Berlin School District,2001-02,49
8,Bethany School District,2001-02,24
9,Bethel School District,2001-02,57
11,Bloomfield School District,2001-02,63
12,Bolton School District,2001-02,5
13,Bozrah School District,2001-02,8
14,Branford School District,2001-02,23
276,Breakthrough Charter School District,2001-02,18
15,Bridgeport School District,2001-02,562
17,Bristol School District,2001-02,192
18,Brookfield School District,2001-02,28
273,Brooklawn Academy District,2001-02,-
19,Brooklyn School District,2001-02,94
21,Canaan School District,2001-02,-
22,Canterbury School District,2001-02,16
23,Canton School District,2001-02,19
241,Capitol Region Education Council,2001-02,145
24,Chaplin School District,2001-02,21
274,Charter Oak Prep Academy District,2001-02,-
25,Cheshire School District,2001-02,102
26,Chester School District,2001-02,15
27,Clinton School District,2001-02,24
28,Colchester School District,2001-02,56
29,Colebrook School District,2001-02,1
30,Columbia School District,2001-02,30
268,Common Ground High School District,2001-02,-
900,Connecticut Technical High School System,2001-02,-
243,Cooperative Educational Services,2001-02,76
31,Cornwall School District,2001-02,-
32,Coventry School District,2001-02,20
33,Cromwell School District,2001-02,26
34,Danbury School District,2001-02,323
35,Darien School District,2001-02,44
36,Deep River School District,2001-02,11
37,Derby School District,2001-02,38
40,East Granby School District,2001-02,9
41,East Haddam School District,2001-02,18
42,East Hampton School District,2001-02,17
43,East Hartford School District,2001-02,294
44,East Haven School District,2001-02,99
45,East Lyme School District,2001-02,26
47,East Windsor School District,2001-02,58
253,Eastern Connecticut Regional Educational Service Center,2001-02,-
39,Eastford School District,2001-02,-
46,Easton School District,2001-02,17
242,Education Connection,2001-02,183
48,Ellington School District,2001-02,40
49,Enfield School District,2001-02,95
50,Essex School District,2001-02,-
272,Explorations District,2001-02,-
51,Fairfield School District,2001-02,38
52,Farmington School District,2001-02,30
53,Franklin School District,2001-02,-
54,Glastonbury School District,2001-02,32
56,Granby School District,2001-02,-
57,Greenwich School District,2001-02,99
58,Griswold School District,2001-02,82
59,Groton School District,2001-02,271
60,Guilford School District,2001-02,36
62,Hamden School District,2001-02,44
63,Hampton School District,2001-02,19
64,Hartford School District,2001-02,631
65,Hartland School District,2001-02,-
67,Hebron School District,2001-02,16
277,Highville Mustard Seed Charter School District,2001-02,41
264,Integrated Day Charter School District,2001-02,-
265,Interdistrict School for Arts and Comm District,2001-02,-
261,Jumoke Academy District,2001-02,-
68,Kent School District,2001-02,9
69,Killingly School District,2001-02,96
245,Learn,2001-02,-
71,Lebanon School District,2001-02,35
72,Ledyard School District,2001-02,33
73,Lisbon School District,2001-02,72
74,Litchfield School District,2001-02,20
76,Madison School District,2001-02,39
77,Manchester School District,2001-02,159
78,Mansfield School District,2001-02,67
79,Marlborough School District,2001-02,20
80,Meriden School District,2001-02,301
83,Middletown School District,2001-02,101
84,Milford School District,2001-02,166
85,Monroe School District,2001-02,42
86,Montville School District,2001-02,25
88,Naugatuck School District,2001-02,111
89,New Britain School District,2001-02,163
90,New Canaan School District,2001-02,29
91,New Fairfield School District,2001-02,53
92,New Hartford School District,2001-02,19
93,New Haven School District,2001-02,1172
95,New London School District,2001-02,65
96,New Milford School District,2001-02,34
94,Newington School District,2001-02,40
97,Newtown School District,2001-02,26
98,Norfolk School District,2001-02,23
99,North Branford School District,2001-02,21
100,North Canaan School District,2001-02,15
101,North Haven School District,2001-02,38
102,North Stonington School District,2001-02,-
103,Norwalk School District,2001-02,106
901,Norwich Free Academy,2001-02,-
104,Norwich School District,2001-02,216
263,Odyssey Community School District,2001-02,-
106,Old Saybrook School District,2001-02,33
107,Orange School District,2001-02,27
108,Oxford School District,2001-02,16
109,Plainfield School District,2001-02,139
110,Plainville School District,2001-02,23
111,Plymouth School District,2001-02,29
112,Pomfret School District,2001-02,24
113,Portland School District,2001-02,17
114,Preston School District,2001-02,18
116,Putnam School District,2001-02,57
117,Redding School District,2001-02,26
201,Regional School District 01,2001-02,-
204,Regional School District 04,2001-02,-
205,Regional School District 05,2001-02,-
206,Regional School District 06,2001-02,1
207,Regional School District 07,2001-02,-
208,Regional School District 08,2001-02,-
209,Regional School District 09,2001-02,-
210,Regional School District 10,2001-02,13
211,Regional School District 11,2001-02,-
212,Regional School District 12,2001-02,13
213,Regional School District 13,2001-02,18
214,Regional School District 14,2001-02,12
215,Regional School District 15,2001-02,35
216,Regional School District 16,2001-02,46
217,Regional School District 17,2001-02,26
218,Regional School District 18,2001-02,43
219,Regional School District 19,2001-02,-
118,Ridgefield School District,2001-02,22
119,Rocky Hill School District,2001-02,34
121,Salem School District,2001-02,16
122,Salisbury School District,2001-02,17
123,Scotland School District,2001-02,24
124,Seymour School District,2001-02,13
125,Sharon School District,2001-02,9
126,Shelton School District,2001-02,18
127,Sherman School District,2001-02,9
270,Side By Side Community School District,2001-02,34
128,Simsbury School District,2001-02,58
129,Somers School District,2001-02,21
132,South Windsor School District,2001-02,61
131,Southington School District,2001-02,36
262,Sport Sciences Academy District,2001-02,-
133,Sprague School District,2001-02,13
134,Stafford School District,2001-02,119
135,Stamford School District,2001-02,100
136,Sterling School District,2001-02,23
137,Stonington School District,2001-02,37
138,Stratford School District,2001-02,61
139,Suffield School District,2001-02,17
269,The Bridge Academy District,2001-02,-
902,The Gilbert School,2001-02,-
140,Thomaston School District,2001-02,22
141,Thompson School District,2001-02,41
142,Tolland School District,2001-02,56
143,Torrington School District,2001-02,15
278,Trailblazers Academy District,2001-02,-
144,Trumbull School District,2001-02,141
145,Union School District,2001-02,-
146,Vernon School District,2001-02,58
147,Voluntown School District,2001-02,26
148,Wallingford School District,2001-02,102
151,Waterbury School District,2001-02,523
152,Waterford School District,2001-02,53
153,Watertown School District,2001-02,89
155,West Hartford School District,2001-02,93
156,West Haven School District,2001-02,63
154,Westbrook School District,2001-02,16
157,Weston School District,2001-02,15
158,Westport School District,2001-02,29
159,Wethersfield School District,2001-02,36
160,Willington School District,2001-02,20
161,Wilton School District,2001-02,44
162,Winchester School District,2001-02,22
163,Windham School District,2001-02,215
165,Windsor Locks School District,2001-02,36
164,Windsor School District,2001-02,67
166,Wolcott School District,2001-02,20
167,Woodbridge School District,2001-02,20
903,Woodstock Academy,2001-02,-
169,Woodstock School District,2001-02,25
